id,tweetText,tweetURL,type,tweetAuthor,handle,geo,mentions,hashtags,replyCount,quoteCount,retweetCount,likeCount,views,bookmarkCount,createdAt,allMediaURL,videoURL
1837122149309370577,"Do you experience chills during fever?

Know if it can be dangerous for you - 

https://t.co/nMU57Pan3u 

 #FeverChills #HealthTips #WellnessWednesday",https://x.com/ThipMedia/status/1837122149309370577,tweet,The Healthy Indian Project,@ThipMedia,India,,"#FeverChills,#HealthTips,#WellnessWednesday",0,0,0,0,10,0,2024-09-20 06:30:27,,
1778009379452702877,"Explore the various signs and symptoms of appendicitis in detail:
1. Abdominal Pain
2. Loss of Appetite
3. Fever and Chills
4. Abdominal Tenderness
5. Swelling and Bloating

Know in Details: https://t.co/F7I3ktQR4s

#appendicitissigns #abdominalpain #lossofappetite #feverchills https://t.co/aqOnrHIMqB",https://x.com/lifesciencesmag/status/1778009379452702877,tweet,The Lifesciences Magazine,@lifesciencesmag,United States,,"#appendicitissigns,#abdominalpain,#lossofappetite,#feverchills",0,0,0,0,17,0,2024-04-10 03:37:24,"https://pbs.twimg.com/media/GKy_edyWMAErGWt.jpg,https://pbs.twimg.com/media/GKy_edzWcAAAA3N.jpg,https://pbs.twimg.com/media/GKy_edzXgAAb4wD.jpg,https://pbs.twimg.com/media/GKy_ed1WYAAmyOR.jpg",
1478030846133252102,Shall we watch a movie or show prior to streaming later? Join the discord and lets have a watch party #cozyday! #feverchills https://t.co/ZNwqiJnbkL,https://x.com/CrankyPixie/status/1478030846133252102,tweet,CrankyPixie,@CrankyPixie,,,"#cozyday,#feverchills",0,0,0,0,-,0,2022-01-03 07:49:48,https://pbs.twimg.com/media/FIMFOHfX0AANJW1.jpg,
1240433859344269312,@pamelam35 @CBSNews @incarceratedbob that’s a lot of layers for spring break. #feverchills 🥶,https://x.com/finkitallright/status/1240433859344269312,tweet,fink ☮️,@finkitallright,"Lake Tahoe, NV ","@pamelam35,@CBSNews,@incarceratedbob",#feverchills,0,0,0,0,-,0,2020-03-18 17:24:12,,
1207988770215215104,"#ColdAndFluAwareness #ColdFlu #Congestion #FeverChills #RunnyNose

Experiencing Stuffy Nose &amp; Congestion? These May be the Symptoms of Cold or Flu. Get Treated. https://t.co/4TThes07VW",https://x.com/KailashHealth/status/1207988770215215104,tweet,Kailash Hospital,@KailashHealth,India,,"#ColdAndFluAwareness,#ColdFlu,#Congestion,#FeverChills,#RunnyNose",0,0,3,5,-,0,2019-12-20 03:39:00,https://pbs.twimg.com/media/EMOjXsiX0AEcgXW.jpg,
1190404929325801473,Strep throat. Yay. #allthesarcasm #strepsucks #sick #feverchills,https://x.com/thecaradee/status/1190404929325801473,tweet,Cara Dee,@thecaradee,"Frederick, MD",,"#allthesarcasm,#strepsucks,#sick,#feverchills",0,0,0,0,-,0,2019-11-01 16:07:06,,
1176355775402237952,#Accutepyelonephritis #ascension #feverchills #dysuria #microbiology #management #medical #who #medicalassistant #medicalstudent #medicalmedium #medicalschool #medicalscience #medicalstudentlife… https://t.co/nX2LcXwGgb,https://x.com/RakibTurk/status/1176355775402237952,tweet,Dr. Rakib Ali Turk,@RakibTurk,"Roorkee, India",,"#Accutepyelonephritis,#ascension,#feverchills,#dysuria,#microbiology,#management,#medical,#who,#medicalassistant,#medicalstudent,#medicalmedium,#medicalschool,#medicalscience,#medicalstudentlife",0,0,0,0,-,0,2019-09-23 21:40:47,,
1072285140389265408,"cheez-it’s and ginger ale can cure anything, right? #feverchills #dead",https://x.com/jhook/status/1072285140389265408,tweet,jk♡︎,@jhook,"Napa, CA",,"#feverchills,#dead",0,0,0,1,-,0,2018-12-10 16:21:14,,
1042000799562379269,"#ColdAndFluAwareness #ColdFlu  #Congestion #FeverChills #RunnyNose

Experiencing Stuffy Nose &amp; Congestion? These May be the Symptoms of Cold or Flu. Get Treated. https://t.co/e0sHe4HCo4",https://x.com/KailashHealth/status/1042000799562379269,tweet,Kailash Hospital,@KailashHealth,India,,"#ColdAndFluAwareness,#ColdFlu,#Congestion,#FeverChills,#RunnyNose",0,0,6,6,-,0,2018-09-18 03:42:04,https://pbs.twimg.com/media/DnXuMMrXoAAEtdt.jpg,
944503338015457280,When you have 40C fever and youre driving alone #downwiththeflu #feverchills 😷,https://x.com/yojtastic/status/944503338015457280,tweet,YJ☄,@yojtastic,,,"#downwiththeflu,#feverchills",0,0,0,1,-,0,2017-12-23 01:41:58,,
896886231283388416,"When we travel, I am often the only one to get sick. #feverchills",https://x.com/gincase/status/896886231283388416,tweet,Ginny Brideau,@gincase,"Los Angeles, CA",,#feverchills,0,0,0,0,-,0,2017-08-13 17:08:35,,
859480692379594752,When you're a nanny/pca so you have to fake NOT sick so you still get that paycheck #imdying #feverchills #dontlookatme,https://x.com/lizzieg426/status/859480692379594752,tweet,Liz Golden,@lizzieg426,"Minnesota, USA",,"#imdying,#feverchills,#dontlookatme",0,0,0,0,-,0,2017-05-02 11:52:20,,
831956090489282560,Nothing says fashion quite like a sweater with a house coat over top. #feverchills #trackpants,https://x.com/NinjaBean86/status/831956090489282560,tweet,Holly,@NinjaBean86,,,"#feverchills,#trackpants",0,0,0,0,-,0,2017-02-15 11:59:23,,
830559483029966848,Just awoke on this beautiful day. I missed out!! Can't help it tho. #feverchills,https://x.com/kimguth3/status/830559483029966848,tweet,"Kim Guthrie, M.Ed.",@kimguth3,United States,,#feverchills,0,0,0,2,-,0,2017-02-11 15:29:46,,
793951563966353408,@Mega_Tron6 More like ANTARCTICA for me. #FeverChills,https://x.com/JMReisman/status/793951563966353408,tweet,Justine Reisman,@JMReisman,"Minnesota, USA",,#FeverChills,1,0,0,0,-,0,2016-11-02 16:02:58,,
723653410428358656,Got that antibiotic just in time. #feverchills,https://x.com/jmnance/status/723653410428358656,tweet,Jeanette Nance,@jmnance,Oklahoma City,,#feverchills,1,0,0,0,-,0,2016-04-22 16:23:12,,
679708040153665536,"I've got the Flu, badly 😩 #flu #feverchills #hightemp 2 days before Christmas, brilliant!",https://x.com/RosieLeeTaylor/status/679708040153665536,tweet,Rosie,@RosieLeeTaylor,,,"#flu,#feverchills,#hightemp",0,0,0,0,-,0,2015-12-23 08:59:59,,
673579763970269184,"Not going to work today,I'm way too sick #feverchills",https://x.com/gloriadrew17/status/673579763970269184,tweet,gigi,@gloriadrew17,,,#feverchills,0,0,0,0,-,0,2015-12-06 11:08:24,,
671734103746605057,Home with #FeverChills. 🤕🍷 #Sick #ButWineIsLife #Wine #Wineo #MommyJustWantsToSleep… https://t.co/WKp9gWMpgl,https://x.com/MaiDashLee/status/671734103746605057,tweet,MaiDashLee,@MaiDashLee,"Hialeah, FL",,"#FeverChills,#Sick,#ButWineIsLife,#Wine,#Wineo,#MommyJustWantsToSleep",0,0,0,0,-,0,2015-12-01 08:54:25,,
661616043547193344,I hate being #sick. My body can't figure out if I'm hot or cold. #FML #feverchills,https://x.com/Mrs__Eff/status/661616043547193344,tweet,Mrs Eff,@Mrs__Eff,,,"#sick,#FML,#feverchills",0,0,0,0,-,0,2015-11-03 10:48:51,,
641707507002572801,"Xtrm heat, humidity &amp; cold (#AC): current situation! #sorethroat #feverchills when it's 90+F outside. This isn't #madness, this is #NYC!",https://x.com/ThePriyaIssac/status/641707507002572801,tweet,Priya Issac,@ThePriyaIssac,"New York, NY",,"#AC,#sorethroat,#feverchills,#madness,#NYC",0,0,0,0,-,0,2015-09-09 13:19:26,,
629709179675021312,I'm deliriously sick. It ain't even hot to me I'm out here in sweatpants and hoodie #feverchills,https://x.com/tuttipooh/status/629709179675021312,tweet,king friday,@tuttipooh,🏁,,#feverchills,0,0,0,0,-,0,2015-08-07 10:42:22,,
606821169510154240,"Rethinking my ""Yes"" to wearing shorts today. #feverchills http://t.co/H2bZz8Wqmw http://t.co/7hWvcqbGG2",https://x.com/CandaceBaker/status/606821169510154240,tweet,Candace Baker,@CandaceBaker,,,#feverchills,0,0,0,0,-,0,2015-06-05 06:53:35,https://pbs.twimg.com/media/CGvco3fWgAAvGuQ.jpg,
595178196506701825,Right body...you're either running a temp or freezing cold. Make up your mind damnit! #feverchills #poorlyblogger,https://x.com/SuperBusyMum/status/595178196506701825,tweet,Deborah,@SuperBusyMum,"Belfast, Northern Ireland",,"#feverchills,#poorlyblogger",0,0,0,0,-,0,2015-05-04 03:48:34,,
593126946663440384,I would battle an army of minotaurs if it meant I could take a bath right now. #feverchills #dormlifesucks,https://x.com/HeyyitsShayy/status/593126946663440384,tweet,manic pixie dream GERD,@HeyyitsShayy,"Washington, DC",,"#feverchills,#dormlifesucks",0,0,0,0,-,0,2015-04-28 11:57:38,,
590242787720855552,I'm the only person on campus wearing pants and a hoodie rn #feverchills,https://x.com/CeddySaid_/status/590242787720855552,tweet,Cedric Ndaw,@CeddySaid_,,,#feverchills,0,0,0,0,-,0,2015-04-20 12:57:01,,
560952037131948032,"So tired and sick. I just wanna crawl under my blankets and fall asleep :,(
#sick #whyme #ihatethis #feverchills #needsleep",https://x.com/hello_sparkles/status/560952037131948032,tweet,ᑕᕼᖇIᔕTIᑎᗩ✌︎︎,@hello_sparkles,"Norfolk, VA",,"#sick,#whyme,#ihatethis,#feverchills,#needsleep",0,0,0,0,-,0,2015-01-29 16:06:02,,
556969873897959424,I am so glad work is closed tomorrow.  I am starting to feel like complete💩 #FeverChills😰 #MyBodyAches😩  #BodyFeelsSoNumb😫,https://x.com/maryellabella/status/556969873897959424,tweet,Mariela,@maryellabella,"Nevada, USA",,"#FeverChills,#MyBodyAches,#BodyFeelsSoNumb",0,0,0,0,-,0,2015-01-18 16:22:20,,
543482512547516417,"i'm wearing a dri-fit turtleneck and a heavy sweatshirt, and i'm still freezing my ass off. i hate being sick. #feverchills",https://x.com/DaniRenee92/status/543482512547516417,tweet,Dani Montalto,@DaniRenee92,"Natick, MA",,#feverchills,0,0,0,0,-,0,2014-12-12 11:08:23,,
515192557366566912,"Laying in bed with strep throat instead of driving to New Orleans. This long weekend plan sure took a nosedive. 
#sickdying #feverchills",https://x.com/BrilliantOne/status/515192557366566912,tweet,Claire Brooks,@BrilliantOne,Crooked Letter,,"#sickdying,#feverchills",1,0,0,0,-,0,2014-09-25 10:34:12,,
492434682672590848,.Wasn't able to convince my body it's not sick *take 2* LOL  #PositveThoughtsCanOnlyDoSoMuch #FeverChills,https://x.com/magenta_3/status/492434682672590848,tweet,Jana1965 🇨🇦,@magenta_3,"43.657624,-79.382185",,"#PositveThoughtsCanOnlyDoSoMuch,#FeverChills",0,0,0,0,-,0,2014-07-24 15:22:32,,
478014894420537344,My throat is on fiiiiiire..... (Alisha Keys remix) #sickmommaprobs #feverchills,https://x.com/Britnye_Tidwell/status/478014894420537344,tweet,Britnye Tidwell,@Britnye_Tidwell,"Bossier City, LA",,"#sickmommaprobs,#feverchills",0,0,0,0,-,0,2014-06-14 20:23:26,,
470011853352210433,So. Cold.....#feverchills #sick,https://x.com/Caroliiiiine_02/status/470011853352210433,tweet,Caroline Guevara 💃🏻,@Caroliiiiine_02,,,"#feverchills,#sick",0,0,0,0,-,0,2014-05-23 18:22:12,,
463407941693886465,I hate being sick &gt;:0 #feverchills #burninup #fireburninonthedancefloor #sleepallday #netflix,https://x.com/nathanquizzy/status/463407941693886465,tweet,Nathaniel Quizmundo,@nathanquizzy,"Washington, USA",,"#feverchills,#burninup,#fireburninonthedancefloor,#sleepallday,#netflix",0,0,0,1,-,0,2014-05-05 13:00:37,,
459391196024938496,@submurina I feel your pain. #feverchills,https://x.com/AwwVince/status/459391196024938496,tweet,Vince Hardy,@AwwVince,San Diego,@submurina,#feverchills,1,0,0,1,-,0,2014-04-24 10:59:30,,
453176579066060800,"Can't seem to stay warm ☹#FeverChills",https://x.com/rickstar04/status/453176579066060800,tweet,Richard Dojosefski,@rickstar04,"Toronto, Ontario",,#FeverChills,0,0,0,0,-,0,2014-04-07 07:24:50,,
446954904289308672,Holy sickness. As if waking up at 4:40am isn't hard enough being sick try doing burpees &amp; push-ups. #HIITclass #gottagetpaid #feverchills 😩,https://x.com/BrittanyBoehm2/status/446954904289308672,tweet,Brittany Gordon,@BrittanyBoehm2,,,"#HIITclass,#gottagetpaid,#feverchills",1,0,0,0,-,0,2014-03-21 03:22:07,,
426843034844954625,"Wearing fleece pajamas, under a sheet, a quilt, a sweatshirt blanket, and two fleece blankets. Just barely warm. #sick #feverchills",https://x.com/heatherkilpatri/status/426843034844954625,tweet,Heather Kilpatrick,@heatherkilpatri,In a NY state of mind in MI.,,"#sick,#feverchills",0,0,0,0,-,0,2014-01-24 14:24:44,,
408529356118446081,#SickOff is not really good! #feverchills,https://x.com/tekRN/status/408529356118446081,tweet,ⓦⓐⓝⓓⓔⓡⓛⓤⓢⓣ,@tekRN,Earth,,"#SickOff,#feverchills",0,0,0,0,-,0,2013-12-05 01:32:43,,
404136211985739776,Nothing says happy holidays like catching strep throat. #feverchills,https://x.com/sbane5001/status/404136211985739776,tweet,Stephanie Greene,@sbane5001,Bed?,,#feverchills,0,0,0,0,-,0,2013-11-22 22:35:56,,
393907395493371904,This @CelestialTea hot tea is giving me life right now. #feverchills,https://x.com/RhiannonWhite12/status/393907395493371904,tweet,Rhiannon White,@RhiannonWhite12,"Frankfort, KY",@CelestialTea,#feverchills,0,0,0,0,-,0,2013-10-25 18:10:16,,
392279315426971648,"I think all my exhaustion &amp; overwork has now caught up now that testing is done, I haven't been this sick in a long time #feverchills #sick",https://x.com/torn_angel/status/392279315426971648,tweet,Esther Hall,@torn_angel,Columbus,,"#feverchills,#sick",0,0,0,0,-,0,2013-10-21 06:20:51,,
390213142913220608,Just gonna lay on my stomach and contemplate on whether or not I should go to my night class #feverchills #herewego,https://x.com/hollystalker/status/390213142913220608,tweet,Hollz,@hollystalker,"Billerica, MA",,"#feverchills,#herewego",0,0,0,0,-,0,2013-10-15 13:30:37,,
382526957864239104,"Im sooo cold , But my body's soo hot . #Why #FeverChills",https://x.com/camsdoll99/status/382526957864239104,tweet,QUEEN BUTT,@camsdoll99,cams my mans,,"#Why,#FeverChills",0,0,0,0,-,0,2013-09-24 08:28:28,,
364241420636274689,"What a way to spend bank holiday. In bed, 3 quilts and still can't get warm. Waste of a beautiful day. #feverchills",https://x.com/Collywoodland/status/364241420636274689,tweet,Collywoodland,@Collywoodland,"Sydney, Australia",,#feverchills,0,0,0,0,-,0,2013-08-04 21:28:16,,
361854454921834496,I am literally sitting with a heater under my desk... I will be thrilled when this summer cold is gone. #feverchills #sick #ontheclock,https://x.com/AbbyLee2242/status/361854454921834496,tweet,Abby Lee Harmon,@AbbyLee2242,"Madison, Alabama ",,"#feverchills,#sick,#ontheclock",0,0,0,0,-,0,2013-07-29 07:23:19,,
329646054175801345,"Having a cold during closing is bad enough, but seriously pneumonia??! #thatsanewone #missingclosing #SAproblems #feverchills",https://x.com/JennaBrehm/status/329646054175801345,tweet,Jenna Brehm,@JennaBrehm,"Jamestown, ND",,"#thatsanewone,#missingclosing,#SAproblems,#feverchills",0,0,0,0,-,0,2013-05-01 10:18:38,,
326450676454547457,"I wore yoga pants and a fleece, but I really should have brought my comforter to this doctors office #burrrr #feverchills",https://x.com/dorothybeach26/status/326450676454547457,tweet,Dorothy Beach,@dorothybeach26,,,"#burrrr,#feverchills",0,0,0,0,-,0,2013-04-22 14:41:21,,
324089929384747008,I'm RT'ing fake Drake.....JFC I must me coming down with something. #FeverChills,https://x.com/Kirsten_jay/status/324089929384747008,tweet,RudeAndNotGinger🏒,@Kirsten_jay,Winnipeg!!,,#FeverChills,0,0,0,0,-,0,2013-04-16 02:20:35,,
318886398277062656,God I feel like an old lady going through menopause!  #feversweats #feverchills,https://x.com/lengelmonster/status/318886398277062656,tweet,Sass-Master,@lengelmonster,,,"#feversweats,#feverchills",0,0,0,1,-,0,2013-04-01 17:43:36,,
316986986726567937,Not in the best mood :( #crabbypants #tired #hungry #tummyache #feverchills,https://x.com/Blaire_10/status/316986986726567937,tweet,Meghan Saba,@Blaire_10,usa,,"#crabbypants,#tired,#hungry,#tummyache,#feverchills",0,0,0,0,-,0,2013-03-27 11:56:01,,
311325304167727105,I don't always get sick but when I do it is at the worse time of the term #feverchills #fml,https://x.com/hlmilli_/status/311325304167727105,tweet,Heather Millsap,@hlmilli_,"Klamath Falls, OR",,"#feverchills,#fml",0,0,0,0,-,0,2013-03-11 20:58:31,,
305096728841965568,Don't mind my whimpering over here. I'm just dying. #sick #feverchills,https://x.com/charlottedixon/status/305096728841965568,tweet,Charlotte Dixon,@charlottedixon,"Charlotte, NC",,"#sick,#feverchills",0,0,0,0,-,0,2013-02-22 15:28:23,,
293853190095507457,I am freezing and have a heavy blanket on me plus two soft ones #feverchills,https://x.com/ShainersNicolee/status/293853190095507457,tweet,shainersnicolee,@ShainersNicolee,,,#feverchills,0,0,0,0,-,0,2013-01-22 14:50:34,,
293591289767809026,Turn off the lights and turn up the heat #feverchills 😿🙀,https://x.com/abbyltaylor/status/293591289767809026,tweet,A B B Y 🦋,@abbyltaylor,"Chicago, IL",,#feverchills,0,0,0,0,-,0,2013-01-21 21:29:52,,
291741804062183424,"Even though I'm pretty sure this bath is giving me 2nd degree burns, I cannot get warmed up 😷😣😪😥 #feverchills #FUflu",https://x.com/AliciaMarie584/status/291741804062183424,tweet,Alicia Marie,@AliciaMarie584,,,"#feverchills,#FUflu",1,0,0,0,-,0,2013-01-16 19:00:41,,
290136447065935872,I think I'm sick😷😥 #hurtthroat #feverchills,https://x.com/dodds790/status/290136447065935872,tweet,Alyssa,@dodds790,,,"#hurtthroat,#feverchills",0,0,0,0,-,0,2013-01-12 08:41:34,,
288435255382257665,I forgot how awesome being sick is. Thanks cold for the reminder. #feverchills #killmenow #fb,https://x.com/cherylvivian/status/288435255382257665,tweet,cheryl ward,@cherylvivian,,,"#feverchills,#killmenow,#fb",0,0,0,0,-,0,2013-01-07 16:01:38,,
285498454262837249,Not knowing whether to stand by the oven and get warm or go in the freezer to cool down #SickProblems #FeverChills,https://x.com/WhatsAfterMarch/status/285498454262837249,tweet,April,@WhatsAfterMarch,,,"#SickProblems,#FeverChills",0,0,0,0,-,0,2012-12-30 13:31:50,,
277695105580797952,Omg wtf is going on with my stomach! Shit is not cool ughhh #feverchills,https://x.com/Guieerrrrmaaaa/status/277695105580797952,tweet,Mo ʕ•̬͡•ʔ,@Guieerrrrmaaaa,,,#feverchills,0,0,0,0,-,0,2012-12-09 00:44:07,,
277038236151463936,Didn't feel good at work so I went home early.. Right now I don't know how I managed to work half a day...#Couch #Vomit #FeverChills #out,https://x.com/RobinMattsson/status/277038236151463936,tweet,Robin Mattsson,@RobinMattsson,"Hallstavik, Stockholm, SWE",,"#Couch,#Vomit,#FeverChills,#out",0,0,0,0,-,0,2012-12-07 05:13:57,,
275424275048062976,Hopefully this crud is just a cold #feverchills,https://x.com/karlakentlewell/status/275424275048062976,tweet,karla kent lewellyn,@karlakentlewell,East Tennessee,,#feverchills,0,0,0,0,-,0,2012-12-02 18:20:38,,
268053321984663552,I'm getting sick :( #stomachache #feverchills,https://x.com/saraamroo/status/268053321984663552,tweet,Sara Amro,@saraamroo,Abu Dhabi,,"#stomachache,#feverchills",0,0,0,0,-,0,2012-11-12 10:11:06,,
256137072245612544,Regan just cleaned the bathtub so I can take a bath🙏😇 #bestsistaever #feverchills #germfreak @ReganLundy,https://x.com/hlundy13/status/256137072245612544,tweet,Hannah Wyman,@hlundy13,,@ReganLundy,"#bestsistaever,#feverchills,#germfreak",0,0,0,0,-,0,2012-10-10 14:00:11,,
253717304469254144,@moneymakerbaker my nose lo0ks like Rudolph): #runnynoseprobz :( womp &amp; i need a hug #feverchills,https://x.com/shawtystsweet24/status/253717304469254144,tweet,princess Jasmine ♌❤⚓,@shawtystsweet24,"Where the wild things are ;) ",@moneymakerbaker,"#runnynoseprobz,#feverchills",1,0,0,0,-,0,2012-10-03 21:44:53,,
252457527210569728,"Feels like gar-bage. Looks like tv, books and movies for this girl all day. #sickly #feverchills",https://x.com/sejjinks/status/252457527210569728,tweet,Sarah Jinks,@sejjinks,Canada,,"#sickly,#feverchills",0,0,0,0,-,0,2012-09-30 10:18:59,,
245379269239402496,Ugh. Why am I sick? I'm never sick. #feverchills #noesbueno,https://x.com/revival_tx/status/245379269239402496,tweet,Revival Vintage,@revival_tx,100 W North Loop Austin TX,,"#feverchills,#noesbueno",1,0,0,0,-,0,2012-09-10 21:32:31,,
233468920659574784,I LOVE GETTING SICK WHEN I AM HOME ALONE AND CAN'T DO SHIT FOR MYSELF #throwingup #feverchills,https://x.com/anamiamusic/status/233468920659574784,tweet,Ellie (AnaMiaMusic),@anamiamusic,,,"#throwingup,#feverchills",1,0,0,0,-,0,2012-08-09 00:45:02,,
232089641531092993,Spent half my night last night shivering #quality #feverchills #yourock,https://x.com/_ashleyself/status/232089641531092993,tweet,Ashley Self,@_ashleyself,,,"#quality,#feverchills,#yourock",0,0,0,0,-,0,2012-08-05 05:24:17,,
231623050485977092,I feel so fucking sick from this sunburn... #headache #stomachache #feverchills,https://x.com/daniellekirk93/status/231623050485977092,tweet,Danielle Kirk,@daniellekirk93,,,"#headache,#stomachache,#feverchills",0,0,0,0,-,0,2012-08-03 22:30:13,,
229719710831366144,fourth cup of hot chocolate... #feverchills #onlyperk,https://x.com/kbuze6/status/229719710831366144,tweet,katie,@kbuze6,,,"#feverchills,#onlyperk",0,0,0,0,-,0,2012-07-29 16:27:01,,
227195416742080512,Thinks I have the flu &lt;&lt;&lt; #feverchills #aches,https://x.com/Brookee_2k14/status/227195416742080512,tweet,Brooke Dinges ,@Brookee_2k14,,,"#feverchills,#aches",0,0,0,0,-,0,2012-07-22 17:16:23,,
226871468552773632,Feeling excessively cold. #FEVERchills,https://x.com/KleinHensy/status/226871468552773632,tweet,🍃,@KleinHensy,,,#FEVERchills,0,0,0,0,-,0,2012-07-21 19:49:07,,
223980361783324672,Definitely needed to take a night off from this bizarre life I live.. #Exhausted #FeverChills,https://x.com/keljorr/status/223980361783324672,tweet,Kelly Jordan,@keljorr,"Scranton, Pennsylvania",,"#Exhausted,#FeverChills",0,0,0,0,-,0,2012-07-13 20:20:54,,
215424509916889088,It's 77 degrees outside. I had to roll up my windows and turn on the heat because I was cold. #feverchills #Impissed,https://x.com/KMBAussie/status/215424509916889088,tweet,Kells 🇺🇸🇦🇺,@KMBAussie,"Brisbane, QLD by way of NC",,"#feverchills,#Impissed",0,0,0,0,-,0,2012-06-20 05:43:00,,
205672391488192512,@daviidyodaddy #feverchills,https://x.com/SolkFongs/status/205672391488192512,tweet,Terry,@SolkFongs,California - L.A. area,@daviidyodaddy,#feverchills,1,0,0,0,-,0,2012-05-24 07:51:33,,
205290138018918400,Woke up feeling a little better ....but only cuz it has to get worse before it gets better... #feverchills,https://x.com/DSprainis/status/205290138018918400,tweet,Danielle,@DSprainis,"Woodstock, MD USA",,#feverchills,0,0,0,0,-,0,2012-05-23 06:32:37,,
195680898472091648,my body feels weak. #feverchills,https://x.com/RowdyLioness/status/195680898472091648,tweet,Ashley Marie Tovar Gonzales,@RowdyLioness,"Houston, TX",,#feverchills,0,0,0,0,-,0,2012-04-26 18:08:56,,
191912816339456002,@JeremyLittau That's always the case in my office due to freezing a/c. Hope you get to feeling better. #feverchills,https://x.com/Samjb/status/191912816339456002,tweet,Samra Jones Bufkins 🇺🇲,@Samjb,Denton (Little D) Texas,@JeremyLittau,#feverchills,0,0,0,0,-,0,2012-04-16 08:35:55,,
191288384159875073,Colder than a penguins Popsicle! #feverchills,https://x.com/RichPLavigne/status/191288384159875073,tweet,Rich Lavigne,@RichPLavigne,Westbank,,#feverchills,0,0,0,0,-,0,2012-04-14 15:14:39,,
189838161315246080,I think I'm getting sick #feverchills,https://x.com/hollywoodrum/status/189838161315246080,tweet,Holly Lamb,@hollywoodrum,"Columbia, SC ",,#feverchills,0,0,0,0,-,0,2012-04-10 15:11:59,,
183108382276845568,#insomnia #feverchills #feverdreams #bleh I want my mommies...,https://x.com/MadanCas/status/183108382276845568,tweet,Geriatric Millenial 👵🏽,@MadanCas,,,"#insomnia,#feverchills,#feverdreams,#bleh",0,0,0,0,-,0,2012-03-23 01:30:14,,
181557288878870528,@FreshCoffey DUDE!  Hope it's only on the legs and not the chest #feverchills,https://x.com/SolkFongs/status/181557288878870528,tweet,Terry,@SolkFongs,California - L.A. area,@FreshCoffey,#feverchills,0,0,0,0,-,0,2012-03-18 18:46:45,,
180124749186351105,Nothing worse than the Dr saying you won't have any side affects from the shots &amp; then you feel like a semi-truck ran over you.#feverchills,https://x.com/dmwprgirl/status/180124749186351105,tweet,Dawn Wilcox,@dmwprgirl,Los Angeles,,#feverchills,0,0,0,0,-,0,2012-03-14 19:54:21,,
176221451853103104,"Being extremely sick n not being able to sleep because of it, is so not the business!!! #feverchills#sick#",https://x.com/scilla25/status/176221451853103104,tweet,Priscilla,@scilla25,,,,0,0,0,0,-,0,2012-03-04 00:24:02,,
175497577154887680,Poulter illness highlights Argentina’s #Carballo http://t.co/kRNlDU4i #sports #golf #blixt #chestxray #feverchills http://t.co/4uRFX0BL,https://x.com/Sporsh/status/175497577154887680,tweet,Sporsh,@Sporsh,"New York City, USA",,"#Carballo,#sports,#golf,#blixt,#chestxray,#feverchills",0,0,0,0,-,0,2012-03-02 00:27:37,,
175497191866118145,Poulter illness highlights Argentina’s #Carballo http://t.co/29ny5UzQ #sports #golf #blixt #chestxray #feverchills,https://x.com/sportsph/status/175497191866118145,tweet,Sports Bytes,@sportsph,"Manila, Philippines",,"#Carballo,#sports,#golf,#blixt,#chestxray,#feverchills",0,0,0,0,-,0,2012-03-02 00:26:05,,
174374155339300865,Love being sick. I'm as weak as an old lady with arthritis. Can't even open a water bottle haha. #feverchills #iblamethefluctuatingweather,https://x.com/CallmeFrickDoe/status/174374155339300865,tweet,Jake Fricke,@CallmeFrickDoe,"Santa Clarita, CA",,"#feverchills,#iblamethefluctuatingweather",0,0,0,0,-,0,2012-02-27 22:03:33,,
174327309464125440,@STONE__9 I think I'm legit catching the #death disease. :( #FeverChills,https://x.com/BairrGrylls/status/174327309464125440,tweet,Cameron Bair,@BairrGrylls,"Columbia, TN",@STONE__9,"#death,#FeverChills",1,0,0,0,-,0,2012-02-27 18:57:24,,
171841044835602433,I need a shawl/ jacket/ sweater or something of that sort #feverchills :(,https://x.com/superrrkudi/status/171841044835602433,tweet,Muskaan ki Chamkaan,@superrrkudi,Mumbai,,#feverchills,1,0,0,0,-,0,2012-02-20 22:17:52,,
168909897994469376,"If letting a fever run its course is the body's way of healing itself, then why am I still so sick?  #impatient  #feverchills",https://x.com/jungmuse/status/168909897994469376,tweet,maggie,@jungmuse,"Favs are usually bookmarks  ",,"#impatient,#feverchills",0,0,0,0,-,0,2012-02-12 20:10:32,,
168744272705761282,kinda hard to read tweets with my brain & eyes vibrating so fast #feverchills,https://x.com/jungmuse/status/168744272705761282,tweet,maggie,@jungmuse,"Favs are usually bookmarks  ",,#feverchills,0,0,0,0,-,0,2012-02-12 09:12:24,,
168523739749810176,"""@dollfacefelecia: #feverchills"" Thats never healthy lol.",https://x.com/SandovalPhil/status/168523739749810176,tweet,Activist,@SandovalPhil,ABQ,,#feverchills,0,0,0,0,-,0,2012-02-11 18:36:05,,
161577409135640577,#feverchills,https://x.com/meagsmurrray/status/161577409135640577,tweet,MEAGS,@meagsmurrray,"Minneapolis, MN",,#feverchills,0,0,0,0,-,0,2012-01-23 14:33:50,,
151422281074221056,i pity the fool who must sit beside me on this flight. for i will try to cuddle. #feverchills #holdme,https://x.com/safia______/status/151422281074221056,tweet,safia,@safia______,,,"#feverchills,#holdme",0,0,0,0,-,0,2011-12-26 14:00:59,,
150579846643331072,my body is on fire but im freezing #feverchills,https://x.com/Caderrr18/status/150579846643331072,tweet,Chelsie Ader,@Caderrr18,"Baltimore, MD",,#feverchills,1,0,0,0,-,0,2011-12-24 06:13:27,,
148250096067289088,@MrAmurao @BigD899 the guy is using a blanket to sleep. He's that sick. Thanks for the prayers! #feverchills,https://x.com/iammonicap33/status/148250096067289088,tweet,Monica P,@iammonicap33,"Manila, Philippines","@MrAmurao,@BigD899",#feverchills,0,0,0,0,-,0,2011-12-17 19:55:51,,
133277409402302464,What I thought was a cold is now strep!! #evenbetter #feverchills,https://x.com/MaryGotALilLamb/status/133277409402302464,tweet,Mary Anne Farley,@MaryGotALilLamb,,,"#evenbetter,#feverchills",0,0,0,0,-,0,2011-11-06 12:19:45,,
122133419047141376,"@TheRealCyberelf well, if you MUST know, sweatpants, a long sleeved shirt, and a sweatshirt on top of that! I'n freezing! #feverchills",https://x.com/TheNeedsofMany/status/122133419047141376,tweet,Alien Princess//Hannah,@TheNeedsofMany,Classified,@TheRealCyberelf,#feverchills,0,0,0,0,-,0,2011-10-06 19:17:30,,
118919867880570880,I feel miserable. Can my fever and achy body please go away :( #feverchills,https://x.com/jilliankurt/status/118919867880570880,tweet,Jillian Kurt,@jilliankurt,Dallas/Kilgore/Lubbock,,#feverchills,0,0,0,0,-,0,2011-09-27 22:28:00,,